provincia_normalizada,total_bachilleres
AZUAY,136299
BOLIVAR,31298
CAA‘AR,36775
CARCHI,32734
CHIMBORAZO,91376
COTOPAXI,90426
EL ORO,88573
ESMERALDAS,109906
GALAPAGOS,5144
GUAYAS,626058
IMBABURA,98072
LOJA,78418
LOS RIOS,120843
MANABI,268511
MORONA SANTIAGO,36358
NAPO,33049
ORELLANA,44924
PASTAZA,28870
PICHINCHA,518551
SANTA ELENA,58398
SANTO DOMINGO DE LOS TSACHILAS,99190
SUCUMBIOS,43423
TUNGURAHUA,110816
ZAMORA CHINCHIPE,21873
ZONA EN ESTUDIO,298
